website_url,platform,industry,tags
abc.com,,,
https://eppeja.com/,,,
https://ardenrestaurants.fi/,,,
http://bridesofnj.com/,,,
http://pokit-friends.online/,,,
https://nightwriter.one/,,,
https://blog.invertbio.com/,,,
https://vlbpo.com/,,,
https://nail-innovations.com/,,,
https://globalrootz.org/,,,
https://signscorner.com/,,,
https://foodcy.com/,,,
https://kingsh.uk/,,,
https://morontasolutions.com/,,,
https://sicherheitsnachweis-elektroinstallationen.ch/,,,
https://tandabiotech.com/,,,
https://bestofosoyoos.com/,,,
https://confidenceincolour.com/,,,
https://hervonproperties.com/,,,
https://darpaimpianti.com/,,,
https://synconbau.de/,,,
https://fitmindfit.me/,,,
https://arkhive.africa/,,,
https://glowlabbeauty.com/,,,
https://www.greenlitpitch.nl/,,,
https://cherokeemtnfit.com/,,,
https://townshipsfoundation.org/,,,
https://pricelesstravelevents.com/,,,
https://stayadorn.com/,,,
https://mushrooms.market/,,,
https://katieaustin.tv/,,,
https://www.excelintrading.com/,,,
https://drzottmann-onlinecoaching.com/,,,
https://armygymnastics.com/,,,
https://www.sigmawraps.com/,,,
https://advantagebuildingconsulting.com/,,,
https://springfieldproperties.ae/,,,
https://aleshahowellphotography.com/,,,
https://behold.qodeinteractive.com/,,,
http://mantaga.com/,,,
https://ecocitizen.lu/,,,
https://soshomerescue.com/,,,
https://spartansolutions.co/,,,
https://rockerskatingcom.wpcomstaging.com/,,,
https://sellerprism.agency/,,,
https://sellerprism.agency/,,,
https://certe.com/,,,
https://peak-residence.site-sg.com/,,,
https://chicagoswirlcouple.com/,,,
https://certe.com/,,,
https://peak-residence.site-sg.com/,,,
https://chicagoswirlcouple.com/,,,
https://eustaff.se/,,,
https://birdmarketing.co.uk/,,,
https://rtdevelopments.com/,,,
https://trustbuildwindows.com/,,,
https://alphashowerstexas.com/,,,
https://gerlietteskillsacademy.com/,,,
https://oxsecurities.com/,,,
https://adelantemusic.net/,,,
https://myfitstudio.ca/,,,
http://el-habitus.com/,,,
https://thegiftofsong.com/,,,
https://chtapp.us/,,,
https://growthgurus.com,,,
https://samuigardenvilla.com/,,,
https://www.techrise.capital/,,,
https://kflextitan.com/,,,
http://www.african-german-health-association.de/,,,
https://www.thebiggerboat.co.uk/,,,
https://tapsnv.com/,,,
http://nelsonbaybeachhouse.com/,,,
https://www.visitrwanda.com/,,,
https://draisha.co.uk/,,,
https://everypetcounts.org/,,,
https://academist.qodeinteractive.com/,,,
https://bgroupluxury.com.au/,,,
https://resolvemyhealth.com.au/,,,
https://bestcaraccidentdoctorhouston.com/,,,
https://growthgurus.com/,,,
https://imperialgrass.co.uk/,,,
https://www.uniquepropsolutions.com/,,,
https://www.theunique.ae/,,,
https://www.stefaniecashoffer.com/,,,
https://fairdealhomebuyers.com/,,,
https://mikedonoghuecom.wordpress.com/,,,
https://lifestyleproduction.com/,,,
https://www.kameohotel.com/,,,
https://doggiedays.co/,,,
https://virtuousnurses.com/,,,
https://lifestyleproduction.com/,,,
https://www.kameohotel.com/,,,
https://doggiedays.co/,,,
https://virtuousnurses.com/,,,
https://mcommercialcapitalgroup.com/,,,
https://grillzstation.online/,,,
https://ascendant.ky/,,,
https://socialnovo.com/,,,
https://african-german-health-association.de/,,,
https://toptrackingsystem.com/,,,
https://www.lifeandhealthpartners.com/,,,
https://theinvestorsaccountant.com/,,,
https://ondrejkrehel.com/,,,
https://fhabco.org/,,,
https://future-photography.net/,,,
https://highpeakroofs.com/,,,
https://intercession4ageneration.org/,,,
https://underdoghoops.com/,,,
https://fhabco.org/,,,
https://future-photography.net/,,,
https://highpeakroofs.com/,,,
https://intercession4ageneration.org/,,,
https://underdoghoops.com/,,,
https://harbourrealtyfunding.com/,,,
https://drtomdreyer.com/,,,
https://inbound-magnet.de/,,,
https://davidroberts.tech/,,,
https://thebreckenridgevenue.com/,,,
https://nexusplanninggroup.com/,,,
https://www.exotravel.com/,,,
https://wipco.se/v1/,,,
https://ctsystems.pl/,,,
https://ledboxframe.com/,,,
https://danadrake.com/,,,
https://actibookly.com/,,,
https://topamazonmusthaves.com/,,,
https://lucky-groomer.de/,,,
https://cp-wc.com/,,,
https://photofusionstudio.com/,,,
https://www.rootly.be/,,,
https://unimedacademy.com/,,,
https://talentstide.com/,,,
https://cssdtv.com/,,,
https://poppoagent.com/,,,
https://carvincirentals.com/,,,
https://chatterservice.com/,,,
https://www.astra.edu.my/,,,
https://prfpropeties.com/,,,
https://coolestdevices.com/,,,
https://marantdigital.com/,,,
https://removers.nl/,,,
https://prosperon.com.au/,,,
https://concordconsultingeng.com/,,,
https://drabel.flywheelsites.com/,,,
https://acrossthespread.com/,,,
http://wallobrandsmedia.com/,,,
https://musiccitymaidservice.com/,,,
https://jamboxstudio.com/,,,
https://itbn.intheblacknetwork.tv/,,,
http://testsieger-produkt.de/,,,
https://lendwisefunding.com/,,,
https://singhcaptures.com/,,,
https://promptingbirds.com/,,,
https://thescottgrouppa.properties/,,,
https://www.licriminallaw.com/,,,
https://rtpcontracting.com/,,,
https://stuartdental.gy/,,,
https://www.redapplecoaching.ca/,,,
http://standortforum.de/,,,
https://www.800x600.co.uk/,,,
https://optisourcesolutions.com/,,,
https://bridesofnj.com/,,,
https://revenuedevelopment.org/,,,
https://uplifthumanityproject.org/,,,
https://www.elitedigitalcampaigns.com.au/,,,
https://centica.com/,,,
https://academiaespiritaracionalista.com/,,,
https://drjoeutay.com/,,,
https://cobblestonedental.ca/,,,
https://keepmforward.com/,,,
https://enhancedlifexperience.com/,,,
https://generaldental4kidsaz.com/,,,
https://goldshireresearch.com/,,,
https://zenbuildingcustom.com/,,,
https://acceleratedhomehealthcare.com/,,,
https://cftmanual.com/,,,
https://auraspace.ca/,,,
https://thecigarofgolf.com/,,,
https://mentally39.com/,,,
http://bfcare.co.uk/,,,
https://bairdandhayes.com.au/,,,
https://anthonysrvrentals.com/,,,
https://tshirt.cuttingedgetees.com/,,,
https://caysure.digital/,,,
http://coronadentalaz.com/,,,
https://forbiddenwell.com/,,,
https://theplummergroup.com/,,,
https://www.karlsjobergvo.com/,,,
https://tarhan-design.com/,,,
https://us4marinerepair.com/,,,
https://planet-m.net/,,,
https://smartdigitalevents.com/,,,
https://www.ki-easy.de/,,,
https://livefitmagazine.com/,,,
https://exactcontractors.com/,,,
https://atr.technology/,,,
https://tcquickcare.com/,,,
https://herculesinc.com/,,,
https://tlchomemobility.com/,,,
https://www.rfgroup.uk/,,,
https://atakmusic.com/,,,
https://www.thaal.me/,,,
https://realsolutionsedu.com/,,,
https://alphaearth.au/,,,
https://alaskansageandspirit.com/,,,
https://theownercarrycompany.com/,,,
https://bgttoil.com/,,,
https://alphaearth.au/,,,
https://alaskansageandspirit.com/,,,
https://theownercarrycompany.com/,,,
https://bgttoil.com/,,,
https://inspireworkforce.com/,,,
https://strictlysalsa.ie/,,,
https://adsa.consulting/,,,
https://wgustaffing.com/,,,
https://www.halfpricebaths.com/,,,
https://carlabrown.ca/,,,
https://www.kavithabangalore.com/,,,
https://www.maxtrip.it/,,,
https://goldensol.info/,,,
https://reindeerlane.com/,,,
https://healingheartshc.com/,,,
https://iyadaboulhosn.com/,,,
https://kajola.org/,,,
https://divorcelawoklahoma.com/,,,
http://coreandsoulstudio.com/,,,
https://takesalary.com/,,,
https://ceramiccoattexas.com/,,,
https://incrediblelg.com/,,,
https://xlleaders.com/,,,
https://www.strahodpromaje.rs/,,,
https://new.hybridelectronics.com/,,,
https://engabaobeachclub.com/,,,
https://accessibles.studio/,,,
https://americanayurveda.com/,,,
https://www.esg-experts.immo/,,,
https://pwatechservices.com/,,,
https://handoo.legal/,,,
https://keystone-inc.ca/,,,
https://feliciazee.com/,,,
https://yogaloftretreat.com/,,,
https://apex-org.com/,,,
https://www.angelaintelisano.it/,,,
https://patriotprintingservices.com/,,,
https://mklaser.no/,,,
https://www.nellykempf.com/,,,
https://merch.swingersociety.net/,,,
,,,
https://devix.org/,,,
https://edev.app/,,,
https://kkshin.com/,,,
https://zzafactory.com/,,,
https://mincosupply.com/,,,
https://studiosyncs.com/,,,
https://standardlivingstaffing.com/,,,
https://reparationsed.com/,,,
https://antwerphaunteddeco.com/,,,
https://www.pearlpaint.com/,,,
https://mindible.co.uk/,,,
https://storyproperties.com/,,,
https://selectthebest.com/,,,
https://gohardmediallc.com/,,,
https://cejets.com/,,,
https://thatsmydogfoodtruck.com/,,,
https://gohardmediallc.com/,,,
https://excellentstaffing.nl,,,
https://buildingbespoke.co.uk/,,,
https://www.filmmakerlife.com/,,,
https://security.worldguardian.ca/,,,
https://bush2cityadventure.com/,,,
https://infiniclickmedia.com/,,,
https://allthingsfinancialww.com/,,,
https://mathdatasimplified.com/,,,
https://creatingdesignclarity.co.nz/,,,
https://acbrothershvac.com/,,,
https://avalonlimousines.com/,,,
https://becauseiloveto.com/,,,
https://monadnockministry.org/,,,
https://trophysuperstore.com.au/,,,
https://idahoonlinerealestateacademy.com/,,,
https://gepaktgezakt.be/,,,
https://propertyinvestorsuk.co.uk/,,,
https://pacificmailhub.com/,,,
https://naturesdelightfulcomb.com/,,,
https://secureusafety.com/,,,
https://www.endeavortec.com/,,,
https://birchesl.com/,,,
https://liyajewelry.ca/,,,
https://familyhousedesign.com/,,,
https://agrpa.com/,,,
https://the-florist.co/,,,
https://lymphaticmassagelv.com/,,,
https://gippyfoodtrucks.com/,,,
https://pennsbestllc.com/,,,
https://clickworld.es/,,,
https://mmpuppiestx.com/,,,
https://classicwindowandglass.com/,,,
https://mulutesfa.org/,,,
https://iconprincess.com/,,,
https://sarahspearlywhites.co.uk/,,,
https://www.lutgardiscollege.be/,,,
https://agencetrillion.com/,,,
https://craneconsumables.com/,,,
https://beyondbarriersdating.com/,,,
https://mynontradguide.org/,,,
https://www.hillsoftbs.com/,,,
https://ivynotchglobal.com/,,,
https://resetandrealign.com/,,,
https://thewaltersway.com/,,,
https://cattleforafrica.co.za/,,,
https://hsbrushworks.com/,,,
https://torontoautomaticdoors.com/,,,
http://www.iamjazzfestival.com/,,,
https://lawprepwithjosh.com/,,,
https://www.youngmetrics.com/,,,
https://gethighonlifecom.blog/,,,
https://metamindsw.com/,,,
https://rightnowvanservices.com/,,,
https://ticketapp.com/,,,
https://xpressionmenswear.online/,,,
https://purespacehomeservices.com/,,,
https://fishingglass.com/,,,
https://cyberguard.co/,,,
https://socialpresence.io/,,,
https://rosemyer.com/,,,
https://drywallcompany.ca/,,,
https://betodders.com/,,,
https://powercoupleservice.com/,,,
https://www.landscapeshop.com.au/,,,
https://emilybrewin.com/,,,
https://eliteindustriesmke.com/,,,
https://wearehopecity.cc/,,,
https://medicores.com/,,,
https://marysoljames.com/,,,
https://drhemadivakar.com/,,,
https://galaxyeducationservices.co.uk,,,
https://hbboutique.shop/,,,
https://spicemasterz.com/,,,
https://galaxyeducationservices.co.uk,,,
https://hbboutique.shop/,,,
https://spicemasterz.com/,,,
http://tiqarte.com/,,,
https://guidsagency.com/,,,
https://smoothhiring.com/,,,
https://trackingwildlife.com/,,,
https://chsafety.com.au/,,,
https://carlabrown.ca/,,,
https://lrtests.com/,,,
https://hola-africa.com/,,,
https://massagicalhands.net/,,,
https://mckeanprocurementsolutions.com/,,,
https://coachmike.org/,,,
https://marqueevitality.com/,,,
https://mind-ly.de/,,,
https://mind-ly.de/,,,
https://growgettersmarketing.com/,,,
team-up.ca,,,
https://skpropertymanagement.co.uk/,,,
https://acwise.com/,,,
https://breadstreetboys.com/,,,
https://print3d.clickandfix.ch/,,,
https://nashvillecalifornia.com/,,,
https://laviespagardens.com/,,,
https://fundswellconsultinggroup.com/,,,
http://songstorymusic.com/,,,
https://houseofflags.com/,,,
https://we-print3d.nl/,,,
seresproperties.com,,,
https://dliettrading.com/,,,
https://sellruralland.com/,,,
https://effinishes.com/,,,
https://dliettrading.com/,,,
https://we-print3d.nl/,,,
seresproperties.com,,,
https://sellruralland.com/,,,
https://effinishes.com/,,,
https://liftwithlisas.com/,,,
https://www.thursbycarsales.co.uk/,,,
http://jaxonphotography.com/,,,
https://no23bodyclinic.co.uk/,,,
https://smart-stay.co.uk/,,,
https://www.artistryoffitness.com.au/,,,
https://serrjeo.co.uk/,,,
https://creditmastery.ca/,,,
https://aremira.com/,,,
https://newnuerowaves.com/,,,
https://belvederetravelodge.com/,,,
https://chicchoices.net/,,,
https://newnuerowaves.com/,,,
https://itstavia.com/,,,
https://somethingscripted.co.uk/,,,
https://solalacoin.com/,,,
https://deluxe-flooring.co.uk/,,,
https://howtocareforseniors.com/,,,
https://bleisurre.blog/,,,
https://kennedieskitchenllc.com/,,,
https://spayvac.com/,,,
https://chosenlittleblessings.com/,,,
https://coat-rite.com/,,,
http://archeryclubmb.at/,,,
https://fortefisioterapia.it/,,,
https://fofpiecesauto.com/,,,
https://itdelice.com/,,,
https://itstavia.com/,,,
https://somethingscripted.co.uk/,,,
https://solalacoin.com/,,,
https://deluxe-flooring.co.uk/,,,
https://howtocareforseniors.com/,,,
https://bleisurre.blog/,,,
https://kennedieskitchenllc.com/,,,
https://spayvac.com/,,,
https://chosenlittleblessings.com/,,,
https://coat-rite.com/,,,
https://whippin.app/,,,
https://wh-fahrzeugstyling.de/,,,
https://fxpipcollector.com/,,,
https://jamesjunkremoval.net/,,,
https://www.acepacific.io,,,
https://minisburgers.com/,,,
https://diagnosishumans.com/,,,
https://thebluebirdcentre.com/,,,
https://reliablepropertyadvisors.com/,,,
https://wneu.ch/,,,
https://theeleganceedit.com/,,,
https://www.banyaforrest.com/,,,
https://aanaturals.ca/,,,
https://portdouglasmobilemassage.com.au/,,,
https://www.tacaochocolate.com/,,,
https://ezautohailrepair.com/,,,
https://metalbuilding-solar.com/,,,
https://goldenclasslaundry.com/,,,
https://claimresourcespublicadjusters.com/,,,
https://autofy.ai/,,,
https://sakinatou.com/,,,
https://simplifiedsolarinstall.com/,,,
https://pinfence.com/,,,
https://milfordservices.com/,,,
https://alacarteparties.com/,,,
https://devikivi.fi/,,,
https://oursocialimage.net/,,,
https://www.nakcentralaudiolabs.co.uk/,,,
https://violetcrownvending.com/,,,
https://mddatai.com/,,,
https://proactivehomecare.net/,,,
https://ryan-pools.com/,,,
https://construction-fire-coatings.com/,,,
https://fabrieklassiek.com/,,,
https://rushdry.com/,,,
https://maderealestate.nl/,,,
https://mkambitionotary.com/,,,
https://marloncampbelltef.com/,,,
https://compassionatemind.it/,,,
https://iprosafaritax.com/,,,
https://embrasemarketing.com/,,,
https://danhartjiujitsu.com/,,,
https://internetlive.online/,,,
https://pinnaclefx.org/,,,
https://revnup.ca/,,,
https://goldbuyersfl.com/,,,
https://siriusanalytical.com/,,,
https://www.amavistudios.vip/,,,
https://heartmindhp.org/,,,
https://greenlink-regen.com/,,,
https://qigong.com/,,,
https://sondelaconsulting.com/,,,
https://treatmentwithtatc.com/,,,
https://thefordpainting.com/,,,
https://geodecks.com/,,,
https://primitivesupps.com/,,,
https://sparklink.ca/,,,
https://thefordpainting.com/,,,
https://geodecks.com/,,,
https://primitivesupps.com/,,,
https://sparklink.ca/,,,
https://ai-ibl.jp/english/,,,
https://mastermindfoundation.company/,,,
https://boxtreecareatx.com/,,,
https://londonbusinessenglish.co.uk/,,,
https://boardersandbeyond.com/,,,
https://cosmicdentaltx.com/,,,
https://sevenblessings.net/,,,
https://zoe-studios.com/,,,
https://www.pcwizard-ok.com/,,,
https://keymasterclass.com/,,,
https://mdmotorsport.co.nz/,,,
https://drcroasters.com/,,,
https://phixmarketing.com/,,,
https://maratrek.com/,,,
https://www.ecoimagingsolutions.com/,,,
https://grizzlygrips.co.uk/,,,
https://wp.dynamiclayers.net/ridek/,,,
https://visionsummit.ai/,,,
http://www.clutchettemagazine.com/,,,
https://productsoap.com/,,,
https://sagerealty.com/,,,
https://3squaresroofing.com/,,,
https://sarahbutlerforidaho.com/,,,
https://autohook.ca/,,,
https://kammerjaeger-simon.de/,,,
https://winnerscircletravelagency.net/,,,
https://lovelightservices.com/,,,
https://extramiles.co.in/,,,
https://spiritfilledchurch.nl/,,,
https://www.hautarzt-chur.ch/,,,
https://thcli.com/,,,
https://ocappliancerepair.org/,,,
https://prtects.com/,,,
https://hillacrespride.com/,,,
https://bigdaddymps.com/,,,
https://cribcrew.com.au/,,,
https://omniainsurance.com/,,,
https://yourmasterpiecehome.com/,,,
https://ramijewelry.com/,,,
https://nehanegandhi.com/,,,
https://hiddenhistoryofrocknroll.com/,,,
https://echo-certs.com/,,,
,,,
https://flarestreamdata.com/,,,
https://naturaclinics.com.au/,,,
https://looktotalbrand.com/,,,
https://construction-mastery.com/,,,
https://roastnberry-dortmund.de/,,,
https://servcopools.com/,,,
https://inovadigital.agency/,,,
https://coinmrkt.com/,,,
https://gaterepair.com/,,,
https://stephenbradydesign.com/,,,
https://sarahbutlerforidaho.com/,,,
https://lakedewagtech.com/,,,
https://stephaniefehr.com/en/home-en/,,,
https://7thgracehc.com/,,,
https://o-water.de/,,,
https://scienceforbankers.com/,,,
https://littlebutters.us/,,,
https://www.popfully.online/,,,
https://lawlegalnurseconsulting.com/,,,
https://ruckerelectric.com/,,,
https://www.roccosculptures.com/,,,
https://prepnowbookkeeping.com/,,,
https://elyg.org/,,,
https://sepichat.com/,,,
https://valorbridge.com/,,,
https://mytopvillas.com/,,,
https://florahat.com/,,,
https://storewarsinternational.com/,,,
https://sfschool.ca/,,,
https://topcasinoreviews.ph/,,,
https://lifestylehubz.com/,,,
https://anneliesesilvis.nl/,,,
https://immigrationsolutionsnow.com/,,,
https://usabrainbee.com/,,,
https://zaman-tech.com/,,,
https://bubblicityboba.com/,,,
https://assetdriven.net/,,,
https://affiliatemanager.dk/,,,
https://proustme.com/,,,
https://lrgmanagement.com/,,,
http://beziehungswissen.com/,,,
https://leprechaunlandscapes.com/,,,
https://ahldigitalagency.com/,,,
http://careplussouth.com/,,,
https://imeldaargel.com.au/,,,
https://ruhedent.ae/,,,
https://itechnorwich.com/,,,
https://www.ebbenflow.com/,,,
http://tntworkforce.com/,,,
https://karaokebeachshuttle.com/,,,
https://digitalesports.org/,,,
https://bonhamtreeservice.com/,,,
https://bptlrentals.com/,,,
https://gt.com.sa/,,,
https://turnabusinessexchange.com/,,,
http://pastainabox.co.uk/,,,
https://natmirelys.com/,,,
https://raisingtwigandbananas.com/,,,
https://mavaerospace.com/,,,
https://managewithalta.com/,,,
https://gc-autodetailing.com/,,,
https://pacificcement.com/,,,
https://ajtexteriors.com/,,,
https://thriveconsultgroup.com/,,,
https://branddomhidalgo.com/,,,
https://www.hightlogistics.com/,,,
https://hfaenergyconsultancy.co.uk/,,,
https://stonecdc.org/,,,
https://bladingforbees.com/,,,
https://mx-sourcing.com/,,,
https://projectlaut.org/,,,
https://garut.nl/,,,
https://bravoconsult.com.au/,,,
https://millem.io/,,,
https://gforceanalytics.com/,,,
https://sweetslades.com/,,,
https://theartoftheapplication.com/,,,
https://fbclomond.co.uk/,,,
https://mytraderslab.com/,,,
https://hiddenhistoryofrocknroll.com/,,,
https://gotyou.co/,,,
https://digitaleplaneet.nl/,,,
https://ilandeb5.com/,,,
http://doggydelishop.com/,,,
https://bmurphyconstruction.com/,,,
https://thespacedivemedia.com/,,,
https://elysianeventistry.com/,,,
https://robelder.com/,,,
https://tappanzhomeimprovement.com/,,,
https://dropinline.no/,,,
https://mysticretreat.org/,,,
https://clubascend.com/,,,
https://mvelitepainting.com/,,,
https://drummerinteriors.com/,,,
https://skin.energy/,,,
https://baufirma-wimmer.de/,,,
https://txwebdev.com/,,,
https://hudsonsrealty.com/,,,
https://celestialmuse.org/,,,
https://wasup.com.au/,,,
https://hharty.in/,,,
https://medacademy.online/,,,
https://educam.org/,,,
https://uforiadispensary.com/,,,
https://maidintampa.net/,,,
https://www.socialsbyregi.com/,,,
https://kalsanjaya.com/,,,
http://alpha.socialcaretraining.ie/,,,
https://www.mastersigmatrading.com/,,,
https://fivechefscatering.com/,,,
https://rttransactionco.com/,,,
https://toffeestudio.art/,,,
https://thewisehaus.com/,,,
https://nassarinvestment.com/,,,
https://budi-pet.com/,,,
https://ellasana.com/,,,
https://bajsarowicz102.com/,,,
https://www.yandstech.com/,,,
https://breezeentertainment.net/,,,
https://hiddenhistoryofrocknroll.com/,,,
https://myloop.ae/,,,
https://myloop.ae/,,,
https://hgc-construction.com/en/,,,
https://chinawetour.com/,,,
https://peptifylabs.com/,,,
https://tilesa.com.au/,,,
https://myloop.ae/,,,
https://foundations24.com/,,,
https://www.myadu.net/,,,
https://www.achora.com.au/,,,
https://transformpolitics.uk/,,,
https://leadinglynx.com/,,,
https://exura.io/,,,
https://ttpconsultancyllc.com/,,,
https://prefabvilla.dk/,,,
https://humnz-ai.com/,,,
https://truetechusa.com/,,,
https://bubbajaxwood.com/,,,
https://meliorag.com/,,,
https://allegra.tours/,,,
https://blu-management.com/,,,
https://engelswimpern.rs/,,,
https://affiniadevelopmentsolutions.com/,,,
https://www.londonbusinessenglish.co.uk/,,,
https://tradeonchain.io/,,,
https://www.ternaryvic.com.au/,,,
https://multilinguals.co.uk/,,,
http://pbscomfortsolution.com/,,,
https://roamniseko.com/,,,
https://multicamqueen.com/,,,
https://yachtcrewcenter.com/,,,
https://sarkariagroup.com/,,,
https://abucredi.de/,,,
https://speedyincorp.com/,,,
https://gaia-residence.com/,,,
https://co2budget.nl/,,,
https://luxtreme.lu/,,,
http://ghanagoldcoastinvestmentproperties.com/,,,
https://premiumhomeservice.es/,,,
https://ai-md.com/,,,
https://marketingorganique.com/en/,,,
https://daylageotecnia.com/en/,,,
https://headsortoes.com/,,,
https://ncrewsinsurance.com/,,,
https://thequalitymaterial.com/,,,
https://kioskthomas.de/,,,
https://aaniche.com/,,,
https://denteralaw.com/,,,
https://elsey.design/,,,
https://mypsychassessment.co.uk/,,,
https://sherriebettys.com/,,,
https://donatetofeed.co.uk/,,,
https://www.london-pass-vergleich.de/,,,
https://fusionupgrade.shop/,,,
https://macrolotto.it/,,,
https://ruckerelectric.com/,,,
https://hotwaxspa.com/,,,
https://hneeluxurymed.com/,,,
https://mcogconnect.com/,,,
https://dynamicbuilderscorp.com/,,,
https://modasource.net/,,,
https://diamondcleaners.us/,,,
https://terra-options.com/,,,
https://billi.com.ar/,,,
https://auroraanalytix.com/,,,
https://tipsbythecuracaobible.com/,,,
https://gigiheartllc.net/,,,
https://www.taurus-risk.com/,,,
https://www.wellbeingyoga.org/,,,
https://keren-shahar.com/,,,
https://maxwellfelman.com/,,,
https://residencealcantuccio.com/,,,
https://vdxtuning.com/,,,
https://syentranspo.com/,,,
https://mindfulawakening.net/,,,
https://ragearmy.com/,,,
https://sewnbytami.com/,,,
https://milliondollarflipflops.com/,,,
http://silbonit.nl/,,,
https://pallogistic.com/,,,
http://apexpcb.co.il/,,,
https://guardianskeys.com/,,,
https://kinnectedai.com/,,,
https://tribbetadvisory.com/,,,
https://www.stichting-stan.nl/,,,
https://kmavirginia.com/,,,
https://bbqchickenbahamas.com/,,,
https://beccpap.ca/,,,
https://fitnessdevilz.com/,,,
https://mohephakim.com/,,,
http://cowboypubcrawlnashville.com/,,,
https://legacyfinancialsolution.com/,,,
http://ultracapitalfunding.com/,,,
https://sandhurstfinefoods.com.au/,,,
https://noworrieshomesale.com/,,,
https://confluenceservices.com/,,,
https://purecleanair.com.au/,,,
https://sonikshoes.com/,,,
https://mcogconnect.com/,,,
https://warmwelcomefires.com/,,,
http://vigilantsafety.co/,,,
https://hvefiduciaire.com/,,,
https://scayle.co.uk/,,,
https://magicinteriorsusa.com/,,,
https://wirenuttechnologies.com/,,,
http://hillbergen.nl/,,,
https://schoonmaakbedrijfvalk.nl/,,,
https://grandforkshomebenefits.com/,,,
https://storybookcoin.com/,,,
https://mediadron.com/,,,
https://homevettechsondemand.com/,,,
http://aziendafiore.com/,,,
https://pathtopeaceparenting.com/,,,
https://airstay.app/,,,
https://wrapambition.com/,,,
https://granfortboats.us/,,,
https://travelsjinn.com/,,,
https://yourheritagetours.com/,,,
https://magicinteriorsusa.com/,,,
https://hvefiduciaire.com/,,,
https://scayle.co.uk/,,,
https://purecleanair.com.au/,,,
https://sonikshoes.com/,,,
https://mcogconnect.com/,,,
https://warmwelcomefires.com/,,,
https://buildingdepotsr.com/?v=8cb2010d27e1,,,
https://claritystrategicpartners.com/,,,
https://garminrumors.com/,,,
https://cryptofuturez.xyz/,,,
https://efccv.org/,,,
https://tilligerryhomeloans.com.au/,,,
https://neuro-empowerment.com/,,,
https://fijianholdings.com.fj/,,,
https://theenergygame.co/,,,
https://thisisshape.co.uk/,,,
https://centeneratequila.com/,,,
https://www.mangaworldcraft.com/,,,
https://jspartnerships.me/,,,
https://newlevelskinandbody.com/,,,
https://worldwecare.com/,,,
https://www.myfeba.org/,,,
https://ezacquisition.com/,,,
https://dmddigitalseomarketingagency.com/,,,
https://strollbudget.com/,,,
https://luxadvent.com/,,,
https://mightycall.ai/,,,
https://catalystsuite.co/,,,
https://swisskommunikation.ch/,,,
https://mysticretreat.org/,,,
https://vinochronicles.com/,,,
https://nk-bigair.nl/,,,
https://expressplanning.co.uk/,,,
https://flight-experts.com/,,,
https://machdatoys.com/,,,
https://creatorslearn.com/,,,
https://kosher11.com/,,,
https://digitallizardvpn.com/,,,
https://www.fosberg.com/,,,
https://pablotoursjamaica.com/,,,
https://www.bratawareness.com/,,,
https://libertyhealthclinics.com/,,,
https://foundations24.com/,,,
https://desireemichael.com/,,,
https://www.car-scrapping.com/,,,
https://smartcookies.id/,,,
https://365weapons.com/,,,
https://lendhub.au/,,,
https://www.xisbigaucid.com/,,,
https://pertinentconsulting.com/,,,
https://bv-collective.com/,,,
https://ohmx.bio/,,,
https://hsspindles.com/,,,
https://hsspindles.com/,,,
https://datapulsegroup.com/,,,
https://www.lyticsagency.com/,,,
https://kevinjcarpentry.com/,,,
https://triaccuprobe.com/,,,
https://pittsburghpamobilenotaryservices.com/,,,
https://dartbagscos.com/,,,
https://globalsavors.com/,,,
https://favoritenpmentor.com/,,,
https://atdshipping.co.uk/,,,
https://cscars.pt/,,,
https://ilcvd.com/,,,
https://bayarearoadside.com/,,,
https://dschungelpinguin.com/,,,
http://fortunaportugal.com/,,,
http://1divisionfodbold.dk/,,,
https://www.astra.edu.my/,,,
https://coolestdevices.com/,,,
https://magicmile.site/,,,
https://goldshireresearch.com/,,,
https://pwatechservices.com/,,,
https://lms.andypondillo.com/,,,
https://ediamonds.com/,,,
https://ilearn-aba.com/,,,
https://raymondomarlong.com/,,,
https://rachelscollection.ca/,,,
http://standortforum.de/,,,
https://scoopandcone.com/,,,
https://beberama.net/,,,
https://digitaleplaneet.nl/,,,
https://4tfi.com.au/,,,
https://www.tulameenvalleysales.com/,,,
https://andersonandprescott.co.uk/,,,
http://35.171.18.181/,,,
https://www.heyhalosol.com/home/,,,
https://afrosoftllc.wpgeeky.com/,,,
https://spi.f9e.myftpupload.com/,,,
https://rfgallery.wpenginepowered.com/,,,
https://rcdisputes.com/,,,
http://212.227.205.204/,,,
https://clineprcom-e73fe9.ingress-florina.ewp.live/,,,
https://poortorichtoken.com/,,,